Reference,Value / MPN,Footprint,Quantity
J1,HOST_UART_3V3,Connector_JST:JST_XH_B4B-XH-A_1x04_P2.50mm_Vertical,1
U1,ISO7721DR,Package_SO:SOIC-8_3.9x4.9mm_P1.27mm,1
C1,100nF 16V X7R,Capacitor_SMD:C_0805_2012Metric,1
C2,100nF 16V X7R,Capacitor_SMD:C_0805_2012Metric,1
J2,SHRIKE_HARNESS,Connector_IDC:IDC-Header_2x08_P2.54mm_Vertical,1
J3,HC_SR04,Connector_JST:JST_XH_B4B-XH-A_1x04_P2.50mm_Vertical,1
R1,1k 1%,Resistor_SMD:R_0805_2012Metric,1
R2,2.2k 1%,Resistor_SMD:R_0805_2012Metric,1
R3,3.3k 1%,Resistor_SMD:R_0805_2012Metric,1
U2,SN74LVC1G17DBVR,Package_TO_SOT_SMD:SOT-23-5,1
C3,100nF 16V X7R,Capacitor_SMD:C_0805_2012Metric,1
J4,L298N_LOGIC,Connector_JST:JST_XH_B7B-XH-A_1x07_P2.50mm_Vertical,1
R4,10k 1%,Resistor_SMD:R_0805_2012Metric,1
R5,10k 1%,Resistor_SMD:R_0805_2012Metric,1
R6,10k 1%,Resistor_SMD:R_0805_2012Metric,1
J5,ESTOP_NC_LOOP,Connector_JST:JST_XH_B2B-XH-A_1x02_P2.50mm_Vertical,1
J6,SENSOR_5V_IN,Connector_JST:JST_XH_B2B-XH-A_1x02_P2.50mm_Vertical,1
