Ref,Val,Package,PosX,PosY,Rot,Side
"C1","100nF 16V X7R","C_0805_2012Metric",24.000000,-25.000000,-90.000000,top
"C2","100nF 16V X7R","C_0805_2012Metric",36.000000,-25.000000,-90.000000,top
"C3","100nF 16V X7R","C_0805_2012Metric",80.000000,-39.000000,90.000000,top
"R1","1k 1%","R_0805_2012Metric",84.000000,-48.000000,0.000000,top
"R2","2.2k 1%","R_0805_2012Metric",96.000000,-48.000000,0.000000,top
"R3","3.3k 1%","R_0805_2012Metric",91.000000,-43.000000,90.000000,top
"R4","10k 1%","R_0805_2012Metric",69.000000,-55.000000,0.000000,top
"R5","10k 1%","R_0805_2012Metric",98.000000,-27.000000,90.000000,top
"R6","10k 1%","R_0805_2012Metric",106.000000,-27.000000,90.000000,top
"U1","ISO7721DR","SOIC-8_3.9x4.9mm_P1.27mm",30.000000,-25.000000,0.000000,top
"U2","SN74LVC1G17DBVR","SOT-23-5",85.000000,-39.000000,0.000000,top
