time_us,estop_n,fault_n,pwm_l,pwm_r,l_in1,l_in2,r_in3,r_in4,drv_ain1,drv_ain2,drv_bin1,drv_bin2,nsleep
0,0,1,0,0,0,0,0,0,0,0,0,0,0
1,0,1,0,0,0,0,0,0,0,0,0,0,0
2,0,1,0,0,0,0,0,0,0,0,0,0,0
3,0,1,0,0,0,0,0,0,0,0,0,0,0
4,1,1,0,0,0,0,0,0,0,0,0,0,1
5,1,1,0,0,0,0,0,0,0,0,0,0,1
6,1,1,0,0,1,0,0,0,0,0,0,0,1
7,1,1,0,0,1,0,0,0,0,0,0,0,1
8,1,1,0,0,1,0,0,0,0,0,0,0,1
9,1,1,0,0,1,0,0,0,0,0,0,0,1
10,1,1,1,0,1,0,0,0,1,0,0,0,1
11,1,1,1,0,1,0,0,0,1,0,0,0,1
12,1,1,1,0,1,0,0,0,1,0,0,0,1
13,1,1,1,0,1,0,0,0,1,0,0,0,1
14,1,1,1,0,1,0,0,0,1,0,0,0,1
15,1,1,1,0,1,0,0,0,1,0,0,0,1
16,1,1,1,0,1,0,0,0,1,0,0,0,1
17,1,1,1,0,1,0,0,0,1,0,0,0,1
18,1,1,1,0,1,0,0,0,1,0,0,0,1
19,1,1,1,0,1,0,0,0,1,0,0,0,1
20,1,1,1,0,1,0,0,0,1,0,0,0,1
21,1,1,1,0,1,0,0,0,1,0,0,0,1
22,1,1,1,0,1,0,0,0,1,0,0,0,1
23,1,1,1,0,1,0,0,0,1,0,0,0,1
24,1,1,1,0,1,0,0,0,1,0,0,0,1
25,1,1,1,0,1,0,0,0,1,0,0,0,1
26,1,1,1,0,1,0,0,0,1,0,0,0,1
27,1,1,1,0,1,0,0,0,1,0,0,0,1
28,1,1,1,0,1,0,0,0,1,0,0,0,1
29,1,1,1,0,1,0,0,0,1,0,0,0,1
30,0,1,1,0,1,0,0,0,1,0,0,0,1
31,0,1,1,0,1,0,0,0,1,0,0,0,0
32,0,1,0,0,1,0,0,0,1,0,0,0,0
33,0,1,0,0,1,0,0,0,0,0,0,0,0
34,0,1,0,0,1,0,0,0,0,0,0,0,0
35,0,1,0,0,1,0,0,0,0,0,0,0,0
36,0,1,0,0,0,0,0,0,0,0,0,0,0
37,0,1,0,0,0,0,0,0,0,0,0,0,0
38,0,1,0,0,0,0,0,0,0,0,0,0,0
39,0,1,0,0,0,0,0,0,0,0,0,0,0
40,0,1,0,0,0,0,0,0,0,0,0,0,0
41,0,1,0,0,0,0,0,0,0,0,0,0,0
42,0,1,0,0,0,0,0,0,0,0,0,0,0
43,0,1,0,0,0,0,0,0,0,0,0,0,0
44,0,1,0,0,0,0,0,0,0,0,0,0,0
45,0,1,0,0,0,0,0,0,0,0,0,0,0
46,0,1,0,0,0,0,0,0,0,0,0,0,0
47,0,1,0,0,0,0,0,0,0,0,0,0,0
48,0,1,0,0,0,0,0,0,0,0,0,0,0
49,0,1,0,0,0,0,0,0,0,0,0,0,0
50,0,1,0,0,0,0,0,0,0,0,0,0,0
51,0,1,0,0,0,0,0,0,0,0,0,0,0
52,0,1,0,0,0,0,0,0,0,0,0,0,0
53,0,1,0,0,0,0,0,0,0,0,0,0,0
54,0,1,0,0,0,0,0,0,0,0,0,0,0
55,0,1,0,0,0,0,0,0,0,0,0,0,0
56,0,1,0,0,0,0,0,0,0,0,0,0,0
57,0,1,0,0,0,0,0,0,0,0,0,0,0
58,0,1,0,0,0,0,0,0,0,0,0,0,0
59,0,1,0,0,0,0,0,0,0,0,0,0,0
60,0,1,0,0,0,0,0,0,0,0,0,0,0
