line,item,manufacturer_part_or_requirement,quantity,unit_cost_inr_low,unit_cost_inr_high,extended_inr_low,extended_inr_high,source_or_basis,status
1,RevB carrier bare PCB,160x100mm 2-layer FR-4 1.6mm first article,1,1800,3500,1800,3500,estimate only; vendor quote required,estimate
2,Carrier assembly and electronics,DRV8833PWPR U4 U5 ISO7721DR protection passives and assembly/stencil,1,2500,5000,2500,5000,estimate only; final BOM/PnP quote required,estimate
3,Pi carrier socket,Samtec ESQ-120-24-G-D 2x20 THT,1,800,2000,800,2000,estimate only; https://www.samtec.com/products/esq-120-24-g-d,estimate
4,Shrike sockets,Samtec SSW-119-01-G-S 1x19 THT,2,250,800,500,1600,estimate only; https://www.samtec.com/products/ssw-119-01-g-s,estimate
5,Carrier harnesses and contacts,JST XH sensor/encoder/IMU and JST VH motor/6V connectors plus wire strain relief,1,800,2000,800,2000,estimate only; selected families from electronics/generate.py,estimate
6,Encoder gearmotor,ThinkRobotics MOT3001-6V60RPM 6V 60RPM encoder motor 25mm,2,1179.99,1179.99,2359.98,2359.98,user-selected price INR1179.99 each; order/receipt not recorded,price datum only
7,Wheels,Pololu 3690 80x10mm wheel pair with 4mm D-bore collets,1,862,2000,862,2000,explicit estimate envelope; quote required,estimate
8,HC-SR04 and external I2C IMU,HC-SR04 plus 3.3V I2C IMU with interrupt harness,1,1000,4500,1000,4500,estimate only; exact IMU SKU not selected,estimate
9,Emergency stop relay fuse and high-current wiring,two-pole NC stop plus normally-open relay contact and fuse holder/fuse and 6V wiring rated from measured stall current,1,1500,5000,1500,5000,estimate only; no relay/fuse/wire rating selected,estimate
10,Motor 6V power source,externally charged regulated 6V source compatible with final current and transients,1,2000,4500,2000,4500,estimate only; quote and electrical qualification required,estimate
11,Shrike USB 5V source,external 5V source and USB-C lead for Shrike only,1,1200,2500,1200,2500,estimate only; do not backfeed through Pi 5V,estimate
12,Pi5 power source,5V/5A-capable source at Pi USB-C plug,1,2500,4500,2500,4500,estimate only; Pi and base power are separate,estimate
13,Chassis mounts enclosure and hardware,RevB motor mounts wheel hardware carrier supports and M3 hardware,1,3000,6000,3000,6000,estimate only; mechanical fit still required,estimate
14,Revision reserve,retained for rework/shipping/spares,1,6000,6000,6000,6000,budget reserve not a vendor quote,reserve
TOTAL,Prototype excluding Pi5/Shrike boards and instruments,,,,,26821.98,51459.98,non-reserve subtotal INR20821.98-INR45459.98; low is within INR24000 first-order target before INR6000 reserve; high exceeds INR30000 cap; obtain quotes before order,estimate
